{
  "article": [],
  "blog": [],
  "collection": [],
  "company": [],
  "company_location": [],
  "location": [],
  "market": [],
  "order": [],
  "page": [],
  "product": [
    {
      "key": "composition_",
      "namespace": "my_fields",
      "name": "Composition ",
      "description": "",
      "type": {
        "name": "multi_line_text_field",
        "category": "TEXT"
      }
    },
    {
      "key": "entretien",
      "namespace": "my_fields",
      "name": "Entretien",
      "description": "",
      "type": {
        "name": "multi_line_text_field",
        "category": "TEXT"
      }
    },
    {
      "key": "coupe",
      "namespace": "my_fields",
      "name": "Coupe",
      "description": "",
      "type": {
        "name": "multi_line_text_field",
        "category": "TEXT"
      }
    },
    {
      "key": "taille",
      "namespace": "my_fields",
      "name": "Taille",
      "description": "",
      "type": {
        "name": "multi_line_text_field",
        "category": "TEXT"
      }
    },
    {
      "key": "details",
      "namespace": "my_fields",
      "name": "Image details #1",
      "description": "",
      "type": {
        "name": "file_reference",
        "category": "REFERENCE"
      }
    },
    {
      "key": "description",
      "namespace": "my_fields",
      "name": "Description #1",
      "description": "",
      "type": {
        "name": "multi_line_text_field",
        "category": "TEXT"
      }
    },
    {
      "key": "detail_2",
      "namespace": "my_fields",
      "name": "Image Detail #2",
      "description": "",
      "type": {
        "name": "file_reference",
        "category": "REFERENCE"
      }
    },
    {
      "key": "description_2",
      "namespace": "my_fields",
      "name": "Description #2",
      "description": "",
      "type": {
        "name": "multi_line_text_field",
        "category": "TEXT"
      }
    },
    {
      "key": "detail_3",
      "namespace": "my_fields",
      "name": "Image Detail #3",
      "description": "",
      "type": {
        "name": "file_reference",
        "category": "REFERENCE"
      }
    },
    {
      "key": "description_3",
      "namespace": "my_fields",
      "name": "Description #3",
      "description": "",
      "type": {
        "name": "multi_line_text_field",
        "category": "TEXT"
      }
    },
    {
      "key": "titre_detail_1",
      "namespace": "my_fields",
      "name": "Titre detail #1",
      "description": "",
      "type": {
        "name": "single_line_text_field",
        "category": "TEXT"
      }
    },
    {
      "key": "titre_detail_2",
      "namespace": "my_fields",
      "name": "Titre detail #2",
      "description": "",
      "type": {
        "name": "single_line_text_field",
        "category": "TEXT"
      }
    },
    {
      "key": "titre_detail_3",
      "namespace": "my_fields",
      "name": "Titre detail #3",
      "description": "",
      "type": {
        "name": "single_line_text_field",
        "category": "TEXT"
      }
    },
    {
      "key": "couleur_produit",
      "namespace": "my_fields",
      "name": "Couleur produit",
      "description": "",
      "type": {
        "name": "color",
        "category": "COLOR"
      }
    },
    {
      "key": "fin_de_precommande",
      "namespace": "my_fields",
      "name": "Fin de precommande",
      "description": "",
      "type": {
        "name": "date",
        "category": "DATE_TIME"
      }
    },
    {
      "key": "livraison",
      "namespace": "my_fields",
      "name": "Livraison",
      "description": "Cette article est disponible en précommande, vous le recevrez courant mai. ",
      "type": {
        "name": "single_line_text_field",
        "category": "TEXT"
      }
    },
    {
      "key": "rating",
      "namespace": "reviews",
      "name": "Product rating",
      "description": "Average rating from customers",
      "type": {
        "name": "rating",
        "category": "RATING"
      }
    },
    {
      "key": "rating_count",
      "namespace": "reviews",
      "name": "Product rating count",
      "description": "Total number of ratings from customers",
      "type": {
        "name": "number_integer",
        "category": "NUMBER"
      }
    },
    {
      "key": "age-group",
      "namespace": "shopify",
      "name": "Age group",
      "description": "Defines the target age range for a product, such as adults or kids",
      "type": {
        "name": "list.metaobject_reference",
        "category": "REFERENCE"
      }
    },
    {
      "key": "fit",
      "namespace": "shopify",
      "name": "Fit",
      "description": "Describes the fit of a garment, typically pant shape; e.g. skinny leg, wide",
      "type": {
        "name": "list.metaobject_reference",
        "category": "REFERENCE"
      }
    },
    {
      "key": "target-gender",
      "namespace": "shopify",
      "name": "Target gender",
      "description": "Identifies the intended gender for a product, such as female, male or unisex",
      "type": {
        "name": "list.metaobject_reference",
        "category": "REFERENCE"
      }
    },
    {
      "key": "color-pattern",
      "namespace": "shopify",
      "name": "Color",
      "description": "Defines the primary color or pattern, such as blue or striped",
      "type": {
        "name": "list.metaobject_reference",
        "category": "REFERENCE"
      }
    },
    {
      "key": "size",
      "namespace": "shopify",
      "name": "Size",
      "description": "Used to specify the size of a product, such as 0-3 months or Extra large (XL)",
      "type": {
        "name": "list.metaobject_reference",
        "category": "REFERENCE"
      }
    }
  ],
  "variant": [
    {
      "key": "couleurs",
      "namespace": "custom",
      "name": "Couleurs",
      "description": "",
      "type": {
        "name": "color",
        "category": "COLOR"
      }
    }
  ],
  "shop": []
}