{
  "sections": {
    "banner": {
      "type": "collection-banner",
      "settings": {
        "show_collection_description": true,
        "show_collection_image": true
      }
    },
    "main": {
      "type": "main-collection",
      "settings": {
        "products_per_page": 24,
        "columns_desktop": 4,
        "columns_mobile": "2",
        "enable_filtering": true,
        "enable_sorting": true,
        "show_product_count": true
      }
    }
  },
  "order": [
    "banner",
    "main"
  ]
}
