{
  "sections": {
    "hero": {
      "type": "hero",
      "settings": {
        "heading": "Welcome to Ishmail Apparel",
        "subheading": "Discover timeless style for every season",
        "button_text": "Shop Collection",
        "button_link": "/collections/all",
        "height": "large",
        "text_alignment": "center"
      }
    },
    "product_carousel": {
      "type": "product-carousel",
      "settings": {
        "title": "New Arrivals",
        "collection": "",
        "products_to_show": 8
      }
    },
    "image_with_text": {
      "type": "image-with-text",
      "settings": {
        "heading": "Crafted for Comfort",
        "text": "<p>Every piece is designed with quality materials and attention to detail.</p>",
        "button_label": "Learn More",
        "button_link": "/pages/about",
        "image_position": "right"
      }
    },
    "collections_image_list": {
      "type": "collections-image-list",
      "settings": {
        "title": "Best Sellers",
        "collections_to_show": 4,
        "columns_desktop": 4,
        "columns_mobile": "2",
        "show_product_count": false
      },
      "blocks": {
        "collection_1": {
          "type": "collection",
          "settings": {
            "collection": ""
          }
        },
        "collection_2": {
          "type": "collection",
          "settings": {
            "collection": ""
          }
        },
        "collection_3": {
          "type": "collection",
          "settings": {
            "collection": ""
          }
        },
        "collection_4": {
          "type": "collection",
          "settings": {
            "collection": ""
          }
        }
      },
      "block_order": [
        "collection_1",
        "collection_2",
        "collection_3",
        "collection_4"
      ]
    },
    "collage": {
      "type": "collage",
      "settings": {
        "heading": "Shop by Category"
      }
    },
    "newsletter": {
      "type": "newsletter",
      "settings": {
        "heading": "Stay in the Loop",
        "subheading": "Subscribe for exclusive offers and new arrivals"
      }
    }
  },
  "order": [
    "hero",
    "product_carousel",
    "image_with_text",
    "collections_image_list",
    "collage",
    "newsletter"
  ]
}
