{
  "sections": {
    "main": {
      "type": "main-product",
      "blocks": {
        "vendor": {
          "type": "vendor"
        },
        "title": {
          "type": "title"
        },
        "price": {
          "type": "price"
        },
        "variant_picker": {
          "type": "variant_picker",
          "settings": {
            "picker_type": "button"
          }
        },
        "quantity_selector": {
          "type": "quantity_selector"
        },
        "buy_buttons": {
          "type": "buy_buttons",
          "settings": {
            "show_dynamic_checkout": true
          }
        },
        "description": {
          "type": "description"
        },
        "share": {
          "type": "share"
        }
      },
      "block_order": [
        "vendor",
        "title",
        "price",
        "variant_picker",
        "quantity_selector",
        "buy_buttons",
        "description",
        "share"
      ]
    },
    "product_recommendations": {
      "type": "product-recommendations",
      "settings": {
        "heading": "You May Also Like",
        "products_to_show": 4
      }
    }
  },
  "order": [
    "main",
    "product_recommendations"
  ]
}
